llm_name,source_model,dest_model,apps,total_samples,INCORRECT_MODEL,BUILD_FAIL,RUNTIME_FAIL,MISSING,VALIDATION_FAIL,PASS,build@1,build@3,build@5,run@1,run@3,run@5,pass@1,pass@3,pass@5
claude-opus-4-6,HPX,Legion,1,40,0,30,0,0,9,1,0.2499999999999999,0.5890688259109312,0.7834281650071123,0.2499999999999999,0.5890688259109312,0.7834281650071123,0.025000000000000022,0.07499999999999996,0.125
