llm_name,source_model,dest_model,apps,total_samples,INCORRECT_MODEL,BUILD_FAIL,RUNTIME_FAIL,MISSING,VALIDATION_FAIL,PASS,build@1,build@3,build@5,run@1,run@3,run@5,pass@1,pass@3,pass@5
gpt-5.3-codex,MPI,HPX,1,20,0,6,2,0,1,11,0.7,0.9824561403508772,0.9996130030959752,0.6000000000000001,0.9508771929824561,0.9963880288957688,0.5499999999999998,0.9263157894736842,0.9918730650154799
