llm_name,source_model,dest_model,apps,total_samples,INCORRECT_MODEL,BUILD_FAIL,RUNTIME_FAIL,MISSING,VALIDATION_FAIL,PASS,build@1,build@3,build@5,run@1,run@3,run@5,pass@1,pass@3,pass@5
gpt-5.3-codex,MPI,HPX,1,20,0,18,0,0,0,2,0.09999999999999998,0.2842105263157896,0.4473684210526315,0.09999999999999998,0.2842105263157896,0.4473684210526315,0.09999999999999998,0.2842105263157896,0.4473684210526315
