llm_name,source_model,dest_model,file_name,apps,total_samples,INCORRECT_MODEL,BUILD_FAIL,RUNTIME_FAIL,MISSING,VALIDATION_FAIL,PASS,build@1,build@3,build@5,run@1,run@3,run@5,pass@1,pass@3,pass@5
claude-opus-4-6,HPX,Legion,binary_tree.txt,1,40,0,28,0,0,0,12,0.30000000000000004,0.668421052631579,0.8506401137980084,0.30000000000000004,0.668421052631579,0.8506401137980084,0.30000000000000004,0.668421052631579,0.8506401137980084
claude-opus-4-6,HPX,Legion,concurrency_tests.txt,1,40,0,28,0,0,0,12,0.30000000000000004,0.668421052631579,0.8506401137980084,0.30000000000000004,0.668421052631579,0.8506401137980084,0.30000000000000004,0.668421052631579,0.8506401137980084
claude-opus-4-6,HPX,Legion,unit_tests.txt,1,40,0,28,0,0,0,12,0.30000000000000004,0.668421052631579,0.8506401137980084,0.30000000000000004,0.668421052631579,0.8506401137980084,0.30000000000000004,0.668421052631579,0.8506401137980084
