llm_name,source_model,dest_model,apps,total_samples,INCORRECT_MODEL,BUILD_FAIL,RUNTIME_FAIL,MISSING,VALIDATION_FAIL,PASS,build@1,build@3,build@5,run@1,run@3,run@5,pass@1,pass@3,pass@5
gpt-5.3-codex,HPX,Legion,1,40,0,24,0,0,2,14,0.3999999999999999,0.7951417004048583,0.9354050406681985,0.3999999999999999,0.7951417004048583,0.9354050406681985,0.3500000000000002,0.736842105263158,0.9000316105579264
