llm_name,source_model,dest_model,apps,total_samples,INCORRECT_MODEL,BUILD_FAIL,RUNTIME_FAIL,MISSING,VALIDATION_FAIL,PASS,build@1,build@3,build@5,run@1,run@3,run@5,pass@1,pass@3,pass@5
claude-opus-4-6,HPX,Legion,1,20,0,10,0,0,0,10,0.4999999999999999,0.8947368421052632,0.9837461300309598,0.4999999999999999,0.8947368421052632,0.9837461300309598,0.4999999999999999,0.8947368421052632,0.9837461300309598
