llm_name,source_model,dest_model,file_name,apps,total_samples,INCORRECT_MODEL,BUILD_FAIL,RUNTIME_FAIL,MISSING,VALIDATION_FAIL,PASS,build@1,build@3,build@5,run@1,run@3,run@5,pass@1,pass@3,pass@5
gpt-5.3-codex,HPX,Legion,binary_tree.txt,1,20,0,8,0,0,0,12,0.6000000000000001,0.9508771929824561,0.9963880288957688,0.6000000000000001,0.9508771929824561,0.9963880288957688,0.6000000000000001,0.9508771929824561,0.9963880288957688
gpt-5.3-codex,HPX,Legion,concurrency_tests.txt,1,20,0,8,1,0,5,6,0.6000000000000001,0.9508771929824561,0.9963880288957688,0.5499999999999998,0.9263157894736842,0.9918730650154799,0.30000000000000004,0.6807017543859649,0.8708720330237358
gpt-5.3-codex,HPX,Legion,unit_tests.txt,1,20,0,8,5,0,0,7,0.6000000000000001,0.9508771929824561,0.9963880288957688,0.3500000000000001,0.749122807017544,0.9169891640866873,0.3500000000000001,0.749122807017544,0.9169891640866873
