llm_name,source_model,dest_model,file_name,apps,total_samples,INCORRECT_MODEL,BUILD_FAIL,RUNTIME_FAIL,MISSING,VALIDATION_FAIL,PASS,build@1,build@3,build@5,run@1,run@3,run@5,pass@1,pass@3,pass@5
gpt-5.3-codex,HPX,Legion,binary_tree.txt,1,40,0,28,0,0,0,12,0.30000000000000004,0.668421052631579,0.8506401137980084,0.30000000000000004,0.668421052631579,0.8506401137980084,0.30000000000000004,0.668421052631579,0.8506401137980084
gpt-5.3-codex,HPX,Legion,concurrency_tests.txt,1,40,0,28,1,0,5,6,0.30000000000000004,0.668421052631579,0.8506401137980084,0.275,0.6301619433198381,0.8195234708392602,0.1499999999999999,0.39433198380566803,0.5771236823868402
gpt-5.3-codex,HPX,Legion,unit_tests.txt,1,40,0,28,5,0,0,7,0.30000000000000004,0.668421052631579,0.8506401137980084,0.17500000000000004,0.44777327935222677,0.6393113761534813,0.17500000000000004,0.44777327935222677,0.6393113761534813
